customer_id,customer_fname,customer_lname,customer_revenue
2555,Mary,Long,2954.63
3465,Mary,Gardner,2929.74
3710,Ashley,Smith,2739.82
1780,Larry,Sharp,2689.65
986,Catherine,Hawkins,2629.9
9676,Theresa,Smith,2599.84
1847,Mary,Smith,2589.87
11901,Mary,Smith,2469.87
4618,Andrea,Smith,2429.82
10896,Victoria,Smith,2419.78
7982,Ronald,Hall,2171.79
5204,Andrew,Smith,2149.85
11513,David,Smith,2099.7
5951,Brenda,Oconnell,2064.64
11124,Mary,Bowman,2059.79
8339,Richard,Smith,2035.72
5200,Jennifer,Little,1969.75
3943,Mary,Butler,1959.72
2444,Kenneth,Smith,1909.84
2537,Mary,Smith,1899.9
688,Kathy,Gross,1859.81
8678,Shirley,Buchanan,1849.82
1824,Julia,Tucker,1829.84
8135,Mary,Stevens,1823.82
4436,Janice,Smith,1819.87
11741,Mary,Smith,1776.65
4987,Mary,Smith,1769.78
10387,Mary,Wheeler,1759.82
6921,Willie,Stafford,1739.81
3800,Shawn,Smith,1699.88
5654,Jerry,Smith,1695.69
3758,Scott,Smith,1694.93
2303,Brittany,Smith,1679.9
1374,Patricia,Lin,1679.88
10932,Michael,Gonzales,1649.84
8876,Timothy,Smith,1639.88
4969,Mary,Smith,1639.84
8622,Shirley,Smith,1639.84
1814,Mary,Skinner,1629.89
11134,Robert,Lopez,1629.87
697,Harold,Pratt,1624.86
439,Rose,Delgado,1619.87
9748,Mary,Smith,1599.92
10380,Mary,Smith,1589.86
3096,Stephanie,Larson,1579.93
8110,Catherine,Smith,1579.88
4667,Cheryl,Gonzalez,1579.81
9869,Mary,Smith,1569.84
624,Mary,Ruiz,1569.8
5068,Anna,Smith,1549.9
5413,Mary,Smith,1549.9
5987,Mary,Smith,1549.9
3482,Mary,Horton,1529.92
7108,Timothy,Smith,1519.92
11884,Evelyn,Contreras,1519.9
141,Mary,Mcmahon,1499.93
1464,Amber,Dixon,1489.86
11106,Mary,Navarro,1489.85
1232,Betty,Smith,1479.87
2831,Mary,Padilla,1479.85
4807,Raymond,Rodgers,1479.84
3187,Mary,Clark,1469.89
1593,Nicholas,Summers,1469.82
1534,Ronald,Smith,1459.91
540,Mary,Tran,1459.8
4893,William,Smith,1454.91
2446,Paul,Hamilton,1454.78
6579,Mary,Long,1449.83
2010,Mary,Smith,1439.82
880,Mary,Guzman,1429.92
7852,Mary,Greene,1429.85
12106,Mary,Smith,1429.85
898,Cheryl,Smith,1429.84
4849,Teresa,Baxter,1429.79
5594,Mary,Davidson,1419.87
11376,Charles,Mason,1419.84
8166,Patricia,Smith,1419.82
5570,Mary,Smith,1409.9
7917,Ashley,Palmer,1399.93
9193,Marie,Smith,1399.91
6816,Steven,Smith,1399.89
1528,Anthony,Smith,1399.87
5828,Katherine,Oconnell,1399.78
10278,Mary,Farrell,1393.84
3128,Karen,Turner,1389.8
4798,Mary,Smith,1379.91
5626,Frank,Morgan,1379.89
8523,Melissa,Lee,1379.84
3223,Thomas,White,1379.79
2204,Mary,Smith,1374.76
3610,Jordan,Smith,1369.92
11789,Mary,Smith,1359.92
5583,Mary,Skinner,1359.85
12396,Rachel,Horn,1354.82
3740,Mary,Smith,1349.94
3018,Mary,Smith,1349.92
6062,Thomas,Mejia,1349.91
8005,Robert,Lambert,1349.9
7593,Roger,Bowman,1339.92
5560,Mary,Rodriguez,1339.82
4621,Doris,Smith,1329.94
9181,Mary,Smith,1329.93
3071,Mary,Meadows,1329.91
5480,Matthew,Jones,1329.86
10308,Mary,Smith,1329.85
5289,Jacob,Russo,1329.83
5590,Frank,Williams,1324.91
6024,Jesse,Berry,1322.78
3168,Mary,Smith,1319.85
225,Megan,Watson,1317.83
12423,Stephen,Smith,1314.83
2224,Ann,Mercado,1309.91
4212,Robert,Mendez,1309.89
18,Robert,Smith,1309.85
6998,Catherine,Jimenez,1309.84
3764,Ethan,Smith,1307.86
11489,Dorothy,Hudson,1304.81
9211,Lauren,Kramer,1299.94
4045,Mary,Neal,1299.93
11258,Mary,Smith,1299.91
2553,Hannah,Ellison,1299.89
6244,Mary,Smith,1299.85
900,George,Smith,1299.84
2301,Mary,Smith,1299.82
7127,Catherine,Escobar,1294.76
10567,Diana,Smith,1289.9
6106,Paul,Moore,1289.89
4406,Mary,Smith,1289.81
1982,Kathryn,Nolan,1289.79
11829,Steven,Smith,1289.78
5350,Timothy,Solomon,1279.9
2994,Mary,Lawson,1279.78
5192,Susan,Smith,1269.92
11109,William,Smith,1269.9
5112,Mary,Smith,1269.88
7445,Mary,Smith,1269.88
5113,Judith,Osborne,1259.9
3280,Kathleen,Smith,1259.89
8989,Sarah,Aguilar,1259.89
1035,Nancy,Blair,1259.85
8529,Mary,Watts,1254.72
1632,Deborah,Smith,1249.95
3136,Mary,Sharp,1249.94
7658,Mary,Smith,1249.94
4290,Lori,Davis,1244.83
9670,Mary,Crane,1239.91
4277,Mary,Juarez,1239.84
11922,Donald,Taylor,1229.95
1806,Roger,Smith,1229.93
11711,Mary,Park,1229.9
9539,Mary,Smith,1229.88
280,Mary,Ortiz,1229.85
9640,Andrea,Leonard,1227.9
10316,Martha,Phelps,1219.92
5952,Jacob,Smith,1219.91
1373,Mary,Smith,1219.88
4347,Angela,Merritt,1214.91
10814,Carol,Mejia,1209.93
7684,Evelyn,Harper,1209.9
4227,Mary,Barnes,1209.88
4330,Robert,Cantrell,1209.88
495,Marilyn,Smith,1209.86
38,Mary,Smith,1209.83
10361,Barbara,Smith,1209.83
2439,Mary,Smith,1209.81
7174,Kenneth,Smith,1199.94
615,Mary,Smith,1199.93
1054,Barbara,Cooley,1199.92
8525,Mary,Smith,1199.92
229,Mary,Garrett,1199.91
1288,Evelyn,Thompson,1199.9
1497,Judith,Richards,1199.87
2794,Patricia,Allen,1199.86
2406,Mary,Adams,1199.85
363,Jennifer,Obrien,1199.79
5837,Denise,Coffey,1197.8
10511,Katherine,Smith,1196.84
11924,Mary,Ramos,1189.92
10013,Jessica,Smith,1189.88
173,Jose,Smith,1179.95
8065,Margaret,Smith,1179.94
11962,Diana,Smith,1179.93
1415,Mary,Peterson,1179.92
5779,Mary,Powell,1179.92
11235,Judy,Church,1179.91
192,Mary,Hall,1179.87
8766,Mary,Duncan,1179.83
7227,Mary,Hernandez,1179.82
6122,Johnny,Smith,1169.76
1907,Mary,Davis,1164.89
3835,Mary,Smith,1163.81
5980,Betty,Smith,1161.82
1431,Mary,Barrera,1159.94
9382,Mary,Rowe,1159.91
2775,Mary,Hayes,1159.88
5446,Mary,Smith,1159.88
7522,David,Smith,1155.83
8480,Gary,Meza,1149.95
3879,Melissa,Davis,1149.94
11866,Mary,Smith,1149.94
8300,Mary,Reynolds,1149.91
6036,Barbara,Smith,1149.9
255,Mary,Smith,1149.89
3965,Mary,Douglas,1149.86
5705,Joyce,Frazier,1149.84
7457,Cheryl,Smith,1149.84
1825,Mary,Obrien,1145.92
4484,Gloria,Smith,1139.92
1285,Ruth,Petersen,1139.91
3391,Rebecca,Smith,1139.9
6566,David,Beck,1139.88
6910,Carol,Smith,1139.88
8211,Ronald,Mcneil,1139.88
8975,Nancy,Mata,1139.87
8787,Janice,Pittman,1139.86
1677,Virginia,Robles,1129.94
7953,Mary,Brown,1129.93
2550,Christian,Castillo,1129.9
8156,Hannah,Smith,1129.87
8245,Thomas,Gray,1129.87
9862,Mary,Decker,1129.85
5961,Kevin,Ruiz,1129.82
3057,Mary,Smith,1127.89
7233,Christine,Potter,1124.96
10370,Mary,Mcintosh,1119.92
1969,Ethan,Alexander,1119.91
475,Brittany,Gibbs,1119.89
4380,Mary,Lopez,1119.88
5960,Margaret,Smith,1119.85
3745,Kimberly,Smith,1114.88
238,Charles,Turner,1114.86
12305,Stephanie,Leblanc,1109.88
374,Mary,Camacho,1109.86
5749,Mary,Smith,1109.86
8565,Mary,Smith,1099.95
6065,Thomas,Simmons,1099.94
10083,Mary,Cooper,1099.94
10510,Kevin,Knapp,1099.94
10711,Cynthia,Campbell,1099.94
9476,Linda,Hoffman,1099.93
2330,Sharon,Sellers,1099.91
7854,Mary,Allen,1099.87
12335,Mary,Riley,1099.87
4636,Karen,Smith,1099.86
6359,Jerry,Smith,1099.86
2107,Paul,Smith,1099.82
7597,Catherine,Smith,1095.83
4125,Mary,Smith,1089.93
8986,Mary,Smith,1089.88
778,John,Buckley,1089.86
9059,Michael,Mills,1079.94
6345,David,Miller,1079.93
4350,Mary,Turner,1079.92
11056,Larry,Booker,1079.91
791,Mary,Smith,1079.9
4302,Nicole,Downs,1079.89
6358,Mary,Ortega,1079.89
830,William,Herrera,1079.85
2267,Rebecca,Tran,1079.84
9394,Nancy,Smith,1079.83
6132,Madison,Smith,1074.84
11054,Henry,Jenkins,1074.82
2087,Mary,Burton,1069.9
5321,Robert,Rowe,1069.88
9594,Mary,Smith,1069.88
4473,Christine,Jordan,1069.87
5973,Michael,Smith,1069.85
4066,Diana,Cordova,1067.8
11094,Rose,Wyatt,1059.95
12375,Bruce,Moore,1059.92
8950,David,Smith,1059.9
2882,Mary,Decker,1059.86
6328,Austin,Walters,1059.84
8299,Sean,Smith,1059.82
3684,Patrick,Smith,1059.74
10719,Andrew,Smith,1054.9
95,Susan,Williams,1054.88
3431,Mary,Berger,1049.97
1515,Crystal,Peters,1049.9
6640,Patricia,Gonzalez,1049.89
7361,James,Long,1049.89
4084,Brenda,Cook,1049.87
5217,David,Smith,1049.86
6648,Austin,Ho,1049.81
7963,Mary,Fisher,1049.79
7780,Steven,Smith,1049.72
377,Mary,Smith,1043.86
1366,Mary,Haas,1039.94
5853,Ralph,Hicks,1039.92
1212,William,Spears,1039.9
11015,Mary,Martinez,1039.9
4433,Michelle,Smith,1039.89
7743,Melissa,Smith,1039.83
676,Robert,Smith,1029.97
1375,Linda,Smith,1029.94
10541,Howard,Smith,1029.94
426,Susan,Smith,1029.92
12147,Kathleen,Smith,1029.92
10889,Sarah,Smith,1029.91
4932,Gerald,Burton,1029.9
12134,Mary,Jefferson,1029.88
3801,Mary,Hendrix,1024.91
3872,Lisa,Smith,1023.84
8262,George,Porter,1019.93
8773,Samantha,Floyd,1019.91
8484,Edward,Gomez,1019.89
9697,Stephen,Williams,1019.8
7869,Grace,Gonzales,1018.88
5755,Marie,Shah,1015.92
4226,Katherine,Smith,1013.88
674,Jose,Reynolds,1012.8
7802,Mary,Acevedo,1009.95
70,Mary,Simmons,1009.93
3121,Mary,Murphy,1009.89
6634,Mary,Smith,1009.89
3442,Mary,Henson,1009.82
12104,Joseph,Neal,1009.82
9360,Scott,Smith,999.95
10874,Judy,Smith,999.95
2072,Mary,Fisher,999.94
9691,Mary,Smith,999.94
10447,Mary,Smith,999.94
11728,Laura,Smith,999.94
8896,James,Dunn,999.93
2256,Mary,Smith,999.92
3986,Mary,Smith,999.92
6166,Margaret,Smith,999.91
10508,Angela,Meadows,999.9
3421,Kathryn,Norris,999.88
5877,Mary,Patel,999.88
2423,Dennis,Smith,997.92
10052,Mary,Aguilar,994.81
1886,Mark,Smith,991.86
5925,Megan,Bennett,989.93
5481,Mary,Hall,989.9
8421,Mary,Smith,989.9
1432,Nathan,Smith,989.89
3328,Mary,Cannon,989.89
7996,Mary,Lindsey,989.89
8979,Mary,Huffman,989.89
2876,Maria,Smith,989.87
11999,Johnny,Smith,989.87
8183,Ryan,Giles,989.84
10821,Mary,Cooper,989.84
12414,Mary,Woodward,987.83
8371,Christopher,Perkins,981.86
9726,Steven,Smith,979.93
894,Mary,Sawyer,979.92
4813,Mary,Smith,979.92
964,Mary,Frazier,979.91
7240,Mary,Smith,979.91
7396,Mary,Madden,979.9
5395,Mary,Bell,979.86
4016,Mary,Smith,979.85
7077,Katherine,Krueger,979.85
10721,Mary,Smith,975.89
483,Mary,Smith,969.97
2743,Mary,Smith,969.95
9317,Mary,Smith,969.9
11542,Mary,Perkins,967.79
5299,Mary,Randall,959.95
2432,Mary,Moyer,959.94
7267,Benjamin,Smith,959.94
7268,Mary,Reed,959.94
7942,Jacob,Gonzalez,959.94
1591,Charles,Johnson,959.92
12107,Sharon,Patterson,959.86
859,Dorothy,Hawkins,959.85
11480,Mary,Mccarthy,959.84
6347,Mark,Smith,959.83
7044,Mary,Cooke,954.9
2774,Sandra,Smith,954.87
7583,Mary,Pace,949.96
3941,James,Harrell,949.95
5910,Mary,Heath,949.94
8016,Patricia,Smith,949.93
3373,Mary,Willis,949.92
5050,Susan,Nicholson,949.91
2545,Larry,Patel,949.86
5889,Jonathan,Smith,949.86
6465,Mary,Smith,949.86
4008,Diana,Smith,949.79
4318,Mary,Fletcher,945.78
11759,Mary,Bright,939.95
1238,Angela,Massey,939.94
11917,Matthew,Brooks,939.92
6079,Bruce,Perkins,939.9
9243,Shawn,Gross,939.87
4749,Michelle,Terry,939.85
3309,Mary,Williams,934.96
10925,Marie,Abbott,934.83
1213,Jason,Smith,929.96
7876,Emily,Black,929.96
1695,Amanda,Marquez,929.95
9410,Mary,Alvarez,929.95
10017,John,Smith,929.94
10803,Laura,Carey,929.94
11404,Helen,Cook,929.94
3032,Mary,Wilson,929.93
4391,Harry,Smith,929.91
4796,Kelly,Mcbride,929.89
4688,Mary,Lam,929.88
11920,Mary,Anderson,929.83
5722,Mary,Smith,929.77
8448,Deborah,Brown,921.85
5639,Mary,Foster,919.94
9141,Ronald,Clark,919.94
2985,Donald,Price,919.93
6189,Mary,Smith,919.93
7368,Hannah,Morton,919.92
5124,Amber,Smith,919.91
1043,Mary,Smith,919.88
6671,Randy,Chambers,919.87
1183,Philip,King,919.86
10829,Anthony,Smith,919.81
79,Mary,Watkins,915.93
7861,Susan,Chan,912.91
1082,Angela,Contreras,909.95
12091,Lisa,Turner,909.94
11733,Christopher,Chan,909.93
2265,Mary,Smith,909.92
12045,Jeffrey,Ryan,909.92
3413,Mary,Underwood,909.87
10591,Deborah,Humphrey,909.87
3017,Frank,Thompson,909.86
8314,Angela,Walsh,909.86
5950,Mary,Smith,901.82
1264,Melissa,Smith,899.95
4605,Andrew,Horne,899.95
4974,Mary,Smith,899.95
7954,Danielle,Smith,899.95
9268,William,Roberson,899.95
10908,Jessica,Smith,899.95
10689,Mary,Smith,899.94
12025,Linda,Collier,899.94
4236,Sandra,Monroe,899.93
6304,Justin,Parker,899.93
6364,Megan,Hudson,899.93
9385,Andrew,Whitehead,899.93
9573,Grace,Gould,899.93
8432,William,Ellis,899.92
9341,Karen,Collins,899.92
2263,Mary,Smith,899.91
1635,Catherine,Smith,899.9
9614,Patricia,Frazier,899.9
4754,Mary,Santana,899.88
9496,Mary,Taylor,899.87
3275,Steven,Williams,899.86
4639,Kevin,Smith,899.86
5762,Crystal,Foster,899.78
4992,Grace,Smith,894.89
88,Mary,Henry,889.95
6800,Christine,Ford,889.95
7795,Sandra,Smith,889.94
6997,Mary,Smith,889.92
11636,Patrick,Browning,889.92
8892,Russell,Dennis,889.91
11286,Mary,Garcia,889.88
11725,Elizabeth,Livingston,889.88
11758,Gerald,Smith,889.84
4025,Janet,Schmidt,889.83
2068,Donna,Smith,889.72
5169,Tiffany,Berger,887.9
7362,Nicholas,Smith,887.87
4164,Mary,Smith,883.93
8803,Mary,Smith,879.96
393,Mary,Chambers,879.95
3980,Frances,Smith,879.94
7806,Mary,Smith,879.94
4598,Gloria,Castro,879.93
8048,Debra,Bryant,879.93
3750,Mary,Smith,879.91
4026,Mary,Smith,879.89
12218,Judith,Smith,879.87
1362,Dennis,Smith,879.84
702,Cynthia,Smith,869.96
3314,Charles,Smith,869.94
4772,Robert,Gonzalez,869.94
7945,Mary,Smith,869.94
2497,Wayne,Hardy,869.92
3079,Charles,Diaz,869.9
7640,Mary,Torres,869.9
2758,Kimberly,Perez,869.84
8266,Mary,Patterson,869.82
10009,Mary,Smith,869.77
8688,Michelle,Rose,864.89
1200,Rebecca,Parker,863.83
6446,Mary,Smith,859.96
4567,Rose,Smith,859.95
1210,Jeffrey,Gardner,859.94
3412,Pamela,Smith,859.94
1782,Robert,Smith,859.93
5813,Mary,Brock,859.93
10617,Ruth,Smith,859.93
5835,Justin,Hoffman,859.92
10319,Mary,Johnston,859.92
11201,Wayne,Kelly,859.92
2936,Edward,Myers,859.91
6982,Janice,Smith,859.91
3951,Michael,Smith,859.9
3895,Mary,Contreras,859.89
8949,Mary,Thompson,859.88
9956,Mary,Smith,859.88
7633,Emily,Smith,859.87
11306,Gerald,Beasley,859.84
2887,Elizabeth,Smith,859.81
11646,Joe,Snyder,859.8
2763,Frances,Smith,854.87
2752,Mary,Hardin,853.87
5121,Shawn,Holmes,849.97
11370,James,Ray,849.97
398,Teresa,Smith,849.96
11354,Lauren,Hartman,849.96
1512,Mary,Rowe,849.95
1479,Mary,Brennan,849.94
2169,Betty,Ayala,849.94
3768,David,Zhang,849.94
6270,Julia,Smith,849.94
4481,Mary,James,849.93
2236,Jeffrey,Whitney,849.92
3219,Mary,French,849.91
7912,Mary,Johnson,849.9
9932,Wayne,Smith,849.89
3383,Jose,Casey,849.88
4426,Mary,Smith,849.88
10505,Eugene,Wu,849.88
2602,Jacob,Smith,849.86
5721,Roger,Conner,849.86
12131,Douglas,Smith,849.86
4936,Kyle,Smith,849.85
9451,Mary,Smith,849.84
5365,Mary,Smith,849.83
5624,Mary,Mata,849.83
7374,Brenda,Smith,849.83
8607,Timothy,Smith,849.78
3632,Albert,Flores,843.8
10815,Dennis,Smith,839.93
7160,Mary,Allen,839.92
7165,Douglas,Watts,839.91
3993,Mary,Crawford,839.9
2642,Mary,Gould,839.89
9559,Austin,Smith,839.88
3289,Mary,Adkins,839.86
2429,Mary,Roberts,839.83
3453,Mary,Smith,835.88
9957,Charles,Bennett,831.94
11797,Kimberly,Smith,830.86
1021,Hannah,Hensley,829.96
2278,Marie,Smith,829.96
2863,Roger,Smith,829.96
3961,Brian,Riddle,829.95
4794,Julia,Mosley,829.95
8571,Jason,Nunez,829.95
333,Elizabeth,Ferguson,829.94
6501,Mary,Smith,829.94
1151,Mary,Griffith,829.92
3325,Danielle,Rios,829.92
12205,Roy,Smith,829.92
4225,Amy,Wright,829.88
458,Charles,Spencer,829.85
5186,Jason,Robinson,824.93
534,Mary,Morris,824.79
4203,Eric,Nolan,819.93
9248,Mary,Luna,819.93
12144,Mary,Gallegos,819.92
908,Mary,Smith,819.9
3179,Mary,Compton,819.84
8236,Mary,Smith,819.84
5019,Mary,Smith,819.81
6503,Heather,Smith,817.91
4094,Judith,Smith,814.91
12366,Mary,Smith,813.94
9612,Willie,Roberson,809.96
3699,Charles,Walker,809.93
6508,Philip,Smith,809.9
5212,Mary,Smith,809.85
5585,Mary,Wilson,809.85
7180,Mary,Walton,804.96
6886,Jessica,Peck,804.93
3603,Susan,Smith,804.82
9337,Mary,Smith,801.95
11334,Benjamin,Carroll,799.98
12053,Wayne,Mcclure,799.98
1426,Mary,Conner,799.97
2546,Mary,Smith,799.96
2771,Mary,Smith,799.96
2908,Mary,Smith,799.96
4048,Mary,Smith,799.96
5959,Thomas,Humphrey,799.96
6356,Mary,Smith,799.96
10595,Mary,Smith,799.96
3689,Mary,Wallace,799.95
7498,Marie,Smith,799.95
640,Jean,Smith,799.94
1799,John,Smith,799.94
8194,David,Winters,799.94
6758,John,Chung,799.93
11133,Mary,Smith,799.93
4711,Ryan,Smith,799.91
10133,Alexander,Smith,799.89
10302,Mary,Adams,799.89
11968,Emily,Winters,799.89
427,Paul,Brown,799.88
11888,Frank,Barrett,799.88
2964,Eugene,Hamilton,799.87
10800,Mary,Dunn,799.87
6316,Kyle,Smith,799.85
12372,Rachel,Smith,794.95
4832,Raymond,Navarro,794.91
2149,Mary,Smith,789.98
2589,Nathan,Taylor,789.96
11151,Harold,Walker,789.95
8326,Steven,Wade,789.92
3056,George,Middleton,789.9
12189,Judith,Hicks,789.9
6209,Mary,Lopez,789.89
9488,Mary,Smith,789.88
2880,Linda,Walters,789.84
11582,Debra,Hull,784.89
4914,Mary,Curtis,779.97
11367,Mary,Smith,779.96
10699,Mary,Lee,779.95
3496,Brittany,Holmes,779.92
11849,Mary,Randolph,779.92
2998,Denise,Smith,779.91
1571,Betty,Bishop,779.9
9039,Amber,Wall,779.9
1271,Carolyn,Shea,779.89
11760,Patricia,Smith,779.89
3935,Harold,Hayes,779.87
10903,Mary,Smith,779.87
1909,Mary,Smith,779.81
4678,Mary,Jones,769.96
5632,Douglas,Mcbride,769.96
7393,Mary,Smith,769.91
2655,Mary,Gates,769.9
3877,John,Mcclure,769.88
705,Timothy,Smith,765.92
11686,Margaret,Daniel,765.9
9528,Mary,Flores,761.92
149,Shirley,Mcclain,759.95
287,Andrew,Salazar,759.95
6054,Richard,Reilly,759.95
10349,Mary,Colon,759.95
4397,Diana,Wright,759.93
8387,Richard,Fuentes,759.93
11851,Mary,Shepherd,759.93
7492,Vincent,Smith,759.92
7981,Mark,Smith,759.92
8241,Betty,Smith,759.92
12198,Peter,Hart,759.92
11180,Lisa,Smith,759.89
508,Ronald,Medina,759.87
9043,Henry,Norris,759.86
3828,Janice,Carpenter,759.83
2618,Nicole,Jones,757.92
5725,Mary,Smith,749.98
7789,Mary,Sullivan,749.97
12336,Joe,Smith,749.97
1209,Mary,Webb,749.96
8417,Mary,Smith,749.95
10977,Debra,Potter,749.95
1069,Mary,Daniel,749.94
3538,Mary,Henry,749.94
6303,Mary,Smith,749.93
8013,Mary,Adams,749.93
2011,Ashley,Stanton,749.91
3265,Juan,Pena,749.88
7944,Gloria,Mcneil,749.88
8556,Daniel,Pruitt,749.82
6083,Andrea,Scott,749.79
9108,Kathryn,Smith,744.9
11433,Peter,Smith,743.91
875,Mary,Brady,742.82
9742,Mary,Frost,739.98
2660,Mary,Schwartz,739.94
6259,Samantha,Morales,739.94
11018,Bruce,Smith,739.92
6637,Eric,Richardson,739.83
10703,Richard,Dickson,735.87
11296,Julie,Smith,729.97
8814,Brian,Sexton,729.96
4756,Mary,Stanley,729.95
6111,Cynthia,Mcbride,729.95
7515,Mary,Smith,729.95
7670,Anna,Smith,729.95
4234,Dorothy,Spencer,729.94
6399,Mary,Jones,729.94
6968,Mary,Sims,729.92
6752,Daniel,Smith,729.91
12332,Kelly,Jones,729.91
6257,Alice,Boyd,729.89
6721,Mary,Poole,729.89
4431,Mary,Johnson,729.88
4885,Kenneth,Smith,729.88
7928,Madison,Smith,729.85
11995,Mary,Smith,729.85
12007,Alan,Smith,729.83
11820,Walter,Smith,729.82
2291,Mary,Mcdonald,724.85
5562,Mary,Smith,719.97
11546,Mary,Schwartz,719.95
2382,Mary,Holloway,719.94
6761,Ethan,Burgess,719.94
9034,Paul,Villa,719.93
11512,Mary,Randall,719.9
9924,Christine,Smith,719.88
10436,Eric,King,719.88
4875,Edward,Peters,719.86
2345,Mary,Smith,719.85
6055,Carol,Smith,709.97
1937,Mary,Werner,709.93
4298,Walter,Reyes,709.93
4538,Matthew,Smith,709.93
7979,Mary,Smith,709.93
1261,Victoria,Hancock,709.91
8792,Mary,Smith,709.91
10536,Michelle,Massey,709.9
11310,Kenneth,Williams,709.9
10940,Mary,Crawford,709.89
10968,Diana,Smith,709.89
109,Mary,Thompson,709.88
11114,Mary,Owens,709.88
10458,Mary,Estrada,709.87
14,Katherine,Smith,704.93
12289,Andrea,Price,701.9
10320,David,Smith,699.97
26,Johnny,Hood,699.96
773,Dylan,Horton,699.96
1005,Maria,Peterson,699.96
2561,Angela,Smith,699.96
3031,Carol,Smith,699.96
3281,Teresa,Werner,699.96
4596,Mary,Burns,699.96
5532,Mary,Smith,699.96
7075,Frank,Smith,699.96
9135,Mary,Johnson,699.96
9375,George,Smith,699.96
9454,Mary,Carson,699.96
11353,Mary,Silva,699.96
10038,Julie,Smith,699.95
12059,Shawn,Clark,699.95
5378,Mary,Frye,699.94
5414,Helen,Christensen,699.94
8589,Mary,West,699.94
1971,Richard,Stokes,699.93
2316,Heather,Smith,699.93
7194,Cynthia,Taylor,699.93
7764,Mary,Wilson,699.93
11915,Janet,Phelps,699.93
7352,Debra,Smith,699.92
8510,Roger,Smith,699.91
8434,Mary,York,699.9
7296,Richard,Randall,699.87
9037,Laura,Smith,699.86
10081,Mary,Castillo,699.85
2913,Victoria,Sharp,699.84
3797,David,Gutierrez,699.83
1131,Sharon,Henderson,693.93
12232,Mary,Moore,691.95
4924,Mary,Castillo,691.94
11530,Richard,Gibson,691.84
862,Richard,Smith,689.96
2861,Mary,Williamson,689.95
7356,Andrew,Robles,689.95
9402,Amber,Smith,689.95
3865,Jessica,Hunter,689.94
8026,Mary,Wade,689.94
8280,Mary,Tyler,689.94
9001,Mary,Smith,689.93
7287,Russell,Guzman,689.92
6723,Mary,Burns,689.89
3558,Mary,Smith,684.94
4778,Amy,Campbell,683.9
7540,Mary,Snow,679.97
5598,Sharon,Smith,679.96
1546,Nicole,Carpenter,679.94
3938,Mary,Smith,679.94
8499,Angela,Smith,679.93
7586,Christina,Sanchez,679.92
11736,Jeffrey,Smith,679.92
6995,Mary,Smith,679.91
12040,Thomas,Moore,679.91
7163,Mary,Jones,679.9
12339,William,Smith,679.9
11048,Randy,Ball,679.88
5431,Judith,Peck,679.86
11429,Janice,Smith,679.86
290,Mary,Garza,679.84
1987,Brenda,Mccarthy,675.84
122,Karen,Smith,674.86
1118,Mary,Smith,669.96
8927,Emily,Johnson,669.93
12398,Charles,Johnson,669.93
843,Mary,Smith,669.92
6893,Deborah,Smith,669.89
5958,Mary,Brown,665.73
5001,Ann,Waller,664.92
10553,Michael,Shea,661.95
646,Tammy,Smith,659.98
5291,Carolyn,Johnson,659.97
2668,Mary,Davis,659.96
3344,Mary,Park,659.96
3371,David,Dixon,659.96
4353,Mary,Sutton,659.96
10734,Emily,Jones,659.93
5057,Angela,Lee,659.89
6255,Joshua,Smith,659.89
3544,Danielle,Smith,658.97
1640,Mary,Smith,655.87
3161,Barbara,Arias,654.82
690,Michael,Banks,649.98
904,Elizabeth,Gonzales,649.97
3365,William,Crawford,649.97
9603,Mary,Moore,649.97
9335,Joseph,Smith,649.96
354,Edward,Peterson,649.95
2268,Mary,Smith,649.95
3306,Mary,Woods,649.95
5102,Heather,Smith,649.95
5658,Michael,Wiley,649.95
7587,Mary,Barnett,649.95
11209,Grace,Lam,649.95
2346,Mary,Bishop,649.94
6448,Mary,Lawrence,649.94
7528,Mary,Bishop,649.92
634,Jack,Edwards,649.91
7274,Linda,Allen,649.91
438,Diane,Smith,649.89
4202,Kimberly,Griffin,649.89
8535,Richard,Quinn,649.89
3810,Rose,Lamb,649.88
7458,Philip,Williams,649.88
10747,Mary,Bates,649.88
1656,Mary,Smith,649.87
4138,Mary,Smith,649.86
3329,Joshua,Smith,649.84
409,Kevin,Smith,649.82
5279,Kathryn,Smith,647.89
7524,Mary,Smith,644.94
404,Mary,Adkins,644.9
1393,Ryan,Hodge,643.95
2134,Mary,Gibbs,643.94
3106,Samantha,Smith,639.96
384,Mildred,Cunningham,639.95
2866,Jerry,Smith,639.94
9391,Jennifer,Sellers,639.94
10843,Cynthia,Myers,639.94
2414,Lisa,Velasquez,639.9
2787,Mary,Smith,639.9
4949,Mary,Simmons,639.88
6814,Mary,May,637.92
6473,Mary,Castillo,629.96
8109,Mary,Werner,629.96
8122,Jesse,Webster,629.96
3735,Mary,Lewis,629.95
4673,Wayne,Hodges,629.95
4937,Mary,Rogers,629.95
5880,Jennifer,Kerr,629.95
3477,Mary,Smith,629.94
4263,Paul,Atkins,629.94
7447,Janet,Dillon,629.94
9305,Mary,Evans,629.94
11960,Ryan,Allen,629.94
6351,Michael,Atkins,629.93
372,Mary,Smith,629.92
7864,Alice,Smith,629.91
6494,Brittany,Smith,629.89
10818,James,Smith,629.88
8487,Frances,Smith,629.86
10113,Frances,Ward,624.94
1499,Mary,Smith,624.91
10743,John,Hale,619.95
6332,Mary,Kelly,619.94
8644,Kenneth,Smith,619.94
3552,Kathleen,Smith,619.92
4412,Mary,Ellison,619.92
5234,Shirley,Humphrey,619.92
9710,James,Giles,619.92
3593,Christina,Lewis,619.89
6405,Mary,Anderson,615.98
9819,Crystal,Smith,609.98
983,Michael,Richmond,609.96
7036,Maria,Smith,609.96
1190,Madison,Smith,609.94
2456,Joan,Donaldson,609.94
11661,Johnny,Mora,609.94
10916,Randy,Smith,609.91
4795,Mary,Smith,609.88
3572,Mary,Bennett,607.93
10937,Mary,Smith,607.91
8328,Donna,Smith,604.94
9547,Mary,Smith,604.9
9195,George,Johns,604.86
1533,Linda,Kent,599.98
7394,Kenneth,Stevens,599.98
7903,Harold,Jenkins,599.98
8750,Mary,Smith,599.98
9244,Mary,Smith,599.98
1038,Christine,Briggs,599.97
1044,Linda,Pope,599.97
1485,Tiffany,Smith,599.97
1859,Charles,Smith,599.97
4044,Stephen,Smith,599.97
8029,Sandra,Smith,599.97
8181,Mary,Long,599.97
8664,Mary,Smith,599.97
9405,Ashley,Smith,599.97
9639,Mary,Smith,599.97
11875,Joseph,Stevens,599.97
12051,Ethan,Cox,599.97
251,Kelly,Adams,599.96
2185,Mary,Mitchell,599.96
7503,Mary,Mathews,599.96
7650,Mary,Smith,599.96
8561,Mary,Smith,599.96
8592,Justin,Valenzuela,599.96
12094,Mary,Smith,599.96
146,Amber,Mercado,599.95
3099,Brittany,Copeland,599.95
9320,Nicole,Johnson,599.95
11806,Mildred,Hester,599.95
12096,Amber,Smith,599.95
1343,Julia,Smith,599.94
5035,Mary,Drake,599.94
1797,Carolyn,Smith,599.93
2582,David,Franklin,599.93
4497,Shirley,Smith,599.93
6477,Jerry,Booker,599.93
9096,Mary,Andrews,599.93
10881,Linda,Smith,599.93
451,Mary,Baldwin,599.92
2125,Mary,Smith,599.91
85,Mary,Perez,599.9
332,Mary,Smith,599.9
4242,Benjamin,Arroyo,599.9
4841,John,Warner,599.9
5857,Mary,Gregory,599.9
11313,Mary,Smith,599.9
2228,Carolyn,Woods,599.88
6287,Mary,Smith,599.85
9077,Sean,Smith,599.85
4105,Mary,Smith,599.83
1600,Mary,George,595.91
4719,Mary,Mcintosh,594.95
3066,Mary,Smith,594.91
3266,Mary,Salinas,593.87
8329,Mary,Hall,589.96
11782,Michelle,Dickson,589.96
4532,Alice,Smith,589.94
12394,Samantha,Sims,589.94
8731,Donna,Allen,589.92
671,Anthony,Reyes,589.91
1085,Evelyn,Brady,589.86
6956,Mary,Anderson,589.86
387,Mary,Levy,589.82
11214,Joseph,Mccormick,589.82
1704,Tammy,Sandoval,586.9
7386,Joshua,Smith,579.97
2721,Matthew,Smith,579.96
7043,Cheryl,Smith,579.95
10749,Mary,Huff,579.95
5078,Frances,Sparks,579.93
7511,Mary,Park,579.93
10428,Tammy,Chavez,579.93
3856,Mary,Long,579.92
4109,Scott,Shaffer,579.91
9926,Aaron,Bush,579.9
3256,Michael,Smith,579.88
9237,Mary,Fox,579.88
818,Mary,Kennedy,579.86
6115,Mary,Smith,579.83
4187,Jesse,Mack,579.81
7369,Mary,Smith,579.81
3443,James,Smith,578.98
8817,Mary,Smith,574.97
1627,Mary,Gonzales,574.88
17,Mary,Robinson,569.95
11326,Keith,Lowe,569.94
430,Mary,Smith,569.93
5270,Andrea,Johnson,569.89
5763,Mary,Smith,565.91
4399,Richard,Smith,559.96
7853,Aaron,Smith,559.96
5859,Ronald,Wilson,559.95
42,Ethan,Smith,559.94
8260,Teresa,Berg,559.94
10622,Mary,Hoover,559.94
1906,Raymond,Smith,559.93
2144,Mary,Trevino,559.93
9569,Mary,Smith,559.93
11244,John,Garcia,559.93
10662,Karen,Smith,559.9
678,Cheryl,Massey,557.94
6700,Virginia,Walker,557.91
5000,Mary,Cannon,554.94
73,Mary,Smith,549.98
4604,Mary,Pearson,549.98
5548,Michael,Crawford,549.98
8249,Mary,Nolan,549.98
5165,Mary,Smith,549.97
3333,James,Massey,549.95
4189,Heather,Johnson,549.95
11091,Joan,Smith,549.95
11182,Sharon,Barker,549.95
4256,Mary,Tate,549.94
11958,Barbara,Smith,549.94
4190,Mary,Martinez,549.93
2591,Patricia,Smith,549.92
6432,Phillip,Maldonado,549.92
8367,Mary,Kane,549.92
10758,Steven,Hardin,549.91
7590,Robert,Johnson,549.9
2443,Mary,Gross,549.88
6690,Mary,Gilbert,549.88
9080,Mary,Macias,549.88
12050,Mary,Smith,544.88
8311,Mary,Morgan,539.95
603,Austin,Smith,539.94
1742,Emma,Ellis,539.94
5198,Mary,Smith,539.93
9436,Mary,Torres,539.92
909,Laura,Ford,539.91
6376,Crystal,Rodriguez,539.91
8944,Mary,Smith,539.91
2669,Dorothy,Buck,539.9
11799,Mary,Tate,537.97
1176,Julia,Smith,536.93
7473,Mary,Smith,535.95
2509,Grace,Smith,529.97
3635,Catherine,Flowers,529.97
6237,Bobby,Anderson,529.97
6616,Shirley,Smith,529.97
9480,Mary,Hunt,529.97
10477,Mary,Holder,529.97
11418,Mary,Smith,529.97
4703,Shirley,Lewis,529.96
9314,Olivia,Smith,529.96
10148,Robert,Huff,529.96
10438,Barbara,Johnston,529.96
10873,Mary,Serrano,529.95
11077,Andrew,Smith,529.95
2027,Jennifer,Mills,529.93
9626,Dorothy,Frye,529.93
504,Cheryl,Livingston,529.9
10026,Mary,Wilson,529.9
7827,Jerry,Sandoval,529.89
286,Mary,Baker,529.87
3925,Mary,Hicks,529.86
2317,Mary,Bridges,529.83
1434,Denise,Smith,525.95
11332,Denise,Smith,525.88
7315,Mary,Smith,524.98
9501,Patricia,Smith,524.95
2597,Brandon,Smith,524.93
11468,Mary,Barton,519.97
1580,Kelly,Simmons,519.96
6159,Mary,Smith,519.96
8067,Karen,Holland,519.96
10263,Katherine,Bailey,519.96
11748,James,Smith,519.96
8127,Rose,Anderson,519.95
10241,Patricia,Kidd,519.95
740,Brandon,Smith,519.93
10328,Mary,Smith,519.92
9894,Mary,Fowler,519.9
10667,Walter,Prince,519.89
12368,Alice,Smith,519.81
4863,Elizabeth,Smith,514.93
7161,Joseph,Sexton,514.91
1764,Megan,Davila,509.96
4238,Bryan,Griffin,509.95
7843,Catherine,Petersen,509.95
4925,Julia,Zavala,509.94
6929,Mary,Lopez,509.91
8674,Mary,Rhodes,509.91
6430,Mary,Jackson,509.88
6879,Mark,Mcguire,509.88
190,Mary,Hayes,503.9
11660,Mary,Garza,500.93
470,Mary,Cannon,500.0
11817,Mary,Smith,499.99
1707,Mary,Moore,499.98
2457,Carl,Mercer,499.98
3474,Jack,Hatfield,499.98
4707,Victoria,Smith,499.98
6524,Megan,Brown,499.98
10499,Theresa,Little,499.97
10638,Laura,Young,499.97
11405,Mary,Smith,499.97
11426,Mary,Smith,499.97
1651,Stephanie,Smith,499.96
6261,David,Smith,499.96
8987,Kathleen,Price,499.96
1287,Mary,Davis,499.95
2963,Martha,Sullivan,499.95
6833,Matthew,Watkins,499.95
7750,Howard,Mathews,499.95
9275,Jason,Schwartz,499.95
10631,Frances,Smith,499.95
11381,Mary,Gonzalez,499.95
3530,Mary,Smith,499.94
3822,Mary,Smith,499.94
4249,Mary,Butler,499.94
5073,Mary,Frazier,499.94
5817,Mary,Diaz,499.94
7582,Aaron,Valdez,499.94
9458,Mary,Carlson,499.94
10887,Gregory,Frank,499.94
3308,Aaron,Smith,499.92
650,Austin,Sexton,499.9
4239,Mary,Smith,499.9
8867,Justin,Bonilla,499.9
9018,Mary,Smith,499.9
9656,Sarah,Smith,499.9
10558,Christine,Smith,499.9
3375,Mary,Sanchez,499.87
3971,John,Smith,499.87
10869,Nicole,Gallegos,499.87
6331,Amy,Smith,499.8
6722,Amy,Smith,494.95
7918,Mary,Kemp,494.93
6518,Mary,Smith,489.97
3622,Donald,Stanley,489.96
3826,Patricia,Vincent,489.96
6696,Mary,Spencer,489.96
3083,Timothy,Lee,489.95
6016,Mary,Smith,489.91
3374,Christine,Smith,489.89
4971,Mary,Hogan,489.85
2183,Richard,Smith,481.95
848,Mary,Smith,481.93
5699,Mildred,Murphy,479.97
7410,Mary,Smith,479.97
8468,Joshua,Conner,479.97
7697,Hannah,Wilkins,479.96
3944,James,Smith,479.95
8230,Judy,Smith,479.95
8233,Mary,Hanna,479.95
8291,Mary,Roman,479.95
10779,Christine,Smith,479.95
8679,Mary,Smith,479.94
8758,Mary,Shelton,479.94
689,Mary,Smith,479.92
2945,Jacob,Smith,479.92
4633,Mary,Smith,479.92
3577,Michael,Martin,479.88
7765,Mary,Costa,479.84
11383,Elizabeth,Smith,477.93
9184,Jeffrey,Rodriguez,469.99
6789,Jessica,Mcintosh,469.96
1225,Mary,Smith,469.95
8584,Mary,Smith,469.95
9769,Mary,Stevenson,469.95
11647,Mary,Ryan,467.96
12362,Mary,Smith,463.95
3199,Ashley,Hernandez,459.98
6756,Jean,Smith,459.98
7891,James,Wilson,459.97
7974,Mary,Shaw,459.97
11161,Mary,Pennington,459.97
1568,Mary,Larson,459.95
9464,Henry,Smith,459.95
7003,Harry,Patrick,459.94
7409,Daniel,Bowers,459.93
7434,Mary,Holloway,459.93
2325,Mary,Johnson,459.91
2895,Dylan,Butler,459.89
12358,Mary,Powers,454.93
12177,Brenda,Carter,451.93
10753,Gregory,Mitchell,450.0
9450,Nathan,Brewer,449.99
9469,Donald,Donaldson,449.99
100,George,Barrett,449.98
2157,Danielle,Holt,449.98
6168,Arthur,Li,449.98
8912,Mary,Blankenship,449.98
9982,Carol,Smith,449.98
4268,Ruth,Deleon,449.97
4997,Roy,Todd,449.96
10139,Mary,Gould,449.96
2494,Mary,Griffin,449.95
2696,Ashley,Smith,449.94
1182,Mary,Smith,449.93
8964,Mary,Berger,449.92
5441,Sharon,Smith,449.89
10845,John,Smith,449.89
1702,Mary,Smith,449.88
9338,James,Davis,449.85
8146,Carolyn,Jennings,444.98
514,Mary,Johnson,444.96
10790,Stephen,Smith,444.92
11895,Timothy,Walter,441.91
5189,Frank,Elliott,439.98
2556,Samuel,Hammond,439.97
3650,Wayne,Smith,439.96
2387,Mary,Smith,439.95
8738,Donald,Jackson,439.95
9121,Mary,Smith,439.95
209,Thomas,Moore,439.94
351,John,Singh,439.94
5909,Catherine,Owens,439.94
8541,Mary,Smith,439.94
9053,William,Smith,439.9
9892,David,Norris,439.88
11262,Laura,Lopez,439.88
1094,Sean,Smith,437.96
8606,Mary,Shah,435.92
4344,Justin,Smith,431.9
2540,Patricia,Smith,429.99
7756,Mary,Johnson,429.99
316,Mary,Smith,429.97
353,Mary,Smith,429.97
1514,Christine,Taylor,429.97
2070,Mary,Smith,429.97
3315,Andrew,Butler,429.97
4435,George,Cross,429.97
5773,Mary,Ellis,429.97
8128,Mary,Smith,429.97
8419,Mary,Sullivan,429.97
8478,Mary,Sweeney,429.97
10104,Mary,Chen,429.97
10267,Mary,Smith,429.97
10927,Jessica,Lang,429.97
12227,Mary,Rivera,429.97
1631,Mary,Sweeney,429.96
3162,Wayne,Smith,429.96
5053,Mary,Smith,429.96
11217,James,Smith,429.96
11446,Mary,Ramos,429.96
1544,Brittany,Marquez,429.94
6504,Mary,Herman,429.94
9032,Lauren,Munoz,429.94
9356,Nancy,Johnson,429.94
10325,Patricia,Duncan,429.94
1145,Mary,Smith,429.93
6173,Amanda,Lewis,429.87
5311,Mary,Smith,427.96
5612,Mary,Huang,424.97
5237,Mary,Gilbert,424.95
2968,Julia,Scott,424.8
4005,Virginia,Dyer,423.94
1653,Brian,Gates,419.96
5003,Mary,Alexander,419.96
5724,Christian,Doyle,419.96
10444,Gregory,Lopez,419.96
11469,Judy,Smith,419.96
663,Mary,Smith,419.95
4308,William,Smith,419.95
3010,Walter,Hamilton,419.94
5433,Mary,Flores,419.94
357,Mary,King,419.93
9793,Mary,Hunt,419.93
6200,Brenda,Robles,419.86
3310,Robert,Porter,417.89
2074,Mary,Gross,409.98
6867,Mary,Johnson,409.96
8990,Bobby,Smith,409.96
11503,Juan,Curry,409.95
2634,Mary,Smith,409.94
7185,Amber,Smith,409.92
11589,Mary,Anderson,409.9
319,Arthur,Brown,399.99
10468,Mary,Smith,399.99
346,Edward,Stephens,399.98
630,Jacob,Smith,399.98
1195,Danielle,Smith,399.98
1405,Mary,Cowan,399.98
1605,Mary,Horne,399.98
1745,Mary,Smith,399.98
1877,Mary,Powers,399.98
2110,Cynthia,Myers,399.98
2434,Betty,Gordon,399.98
2769,Mary,Hendricks,399.98
2906,Mary,Smith,399.98
2956,William,Harris,399.98
3108,Mary,Smith,399.98
3497,Mary,Smith,399.98
3571,Laura,Smith,399.98
4271,Andrea,Alexander,399.98
4413,James,Smith,399.98
5472,Joyce,Vance,399.98
5573,Jordan,Ortiz,399.98
5668,Christina,Hawkins,399.98
5849,Mary,Conrad,399.98
5920,Dorothy,Smith,399.98
6030,Alexander,Adams,399.98
7136,Mary,Smith,399.98
7231,Jack,Smith,399.98
7367,Joseph,Smith,399.98
7573,Bobby,Pena,399.98
7812,Madison,Smith,399.98
7999,Michael,Long,399.98
8320,James,Smith,399.98
8446,James,Carlson,399.98
9240,Janice,Brown,399.98
9265,Margaret,Fischer,399.98
9336,Janice,Guzman,399.98
9514,Mary,Bowen,399.98
9802,Diane,Hayes,399.98
10200,Nicole,Smith,399.98
10296,Mary,Ramos,399.98
10416,Mary,Goodwin,399.98
10635,Donna,Torres,399.98
10705,Mary,Potter,399.98
10864,Jason,Beck,399.98
11072,Nathan,Anthony,399.98
11567,Mary,Walker,399.98
11693,Mary,Garrett,399.98
12057,Tyler,Sims,399.98
12229,Rachel,Simmons,399.98
9253,Benjamin,Smith,399.97
10059,Julia,Smith,399.97
11444,Kathleen,Patrick,399.97
11510,Ryan,Smith,399.97
12258,Kevin,Smith,399.97
1134,Mary,Smith,399.96
1234,Steven,Bond,399.96
4457,Roger,Smith,399.96
5579,Mary,Hurley,399.96
7489,Teresa,Ritter,399.96
8442,Christopher,Smith,399.96
8613,Mary,Kirk,399.96
11864,Cheryl,Hill,399.96
12126,Phillip,Smith,399.96
12070,Mary,Harrington,399.95
5764,William,Weiss,399.94
2464,Teresa,Warner,399.93
10127,Mary,Warren,399.92
11378,Mary,Foster,399.92
444,Walter,Lambert,399.91
834,Mary,Stafford,399.9
2724,Dorothy,Smith,399.87
10669,Michael,Cowan,399.87
10957,Jessica,Turner,399.84
4806,Mary,Smith,395.95
7234,Mary,Bowers,395.92
4340,Stephen,Beck,389.97
4452,Joyce,Lopez,389.97
7382,Dorothy,Smith,389.97
8043,Mary,Herrera,389.97
2786,Adam,Navarro,389.96
3587,Michelle,Potter,389.96
3888,Scott,Robles,389.95
7371,Mark,Smith,389.9
11930,Mary,Gilbert,389.9
267,Richard,Smith,389.89
1589,Matthew,Brennan,387.91
12230,Mary,Smith,385.93
2424,Mary,Fernandez,383.95
206,Mary,West,379.99
1391,Philip,Hart,379.99
1597,Megan,Smith,379.99
2528,Mary,Acevedo,379.99
4907,Amanda,Lopez,379.99
7282,Jennifer,Clark,379.99
9760,Mary,Wolf,379.98
1660,Danielle,Price,379.97
2498,Mary,Levine,379.97
6591,Lauren,Smith,379.97
10945,Mary,Hamilton,379.97
1000,James,Smith,379.96
3678,Alice,Castro,379.96
7682,Mary,Smith,379.96
9329,Eugene,Powell,379.93
10371,Joseph,Smith,379.92
2605,Catherine,Smith,379.91
9669,Samantha,Smith,379.91
399,Mary,Perez,379.89
1001,Jane,Thomas,379.89
8312,Amber,Farrell,379.89
10221,Mary,Smith,379.89
2441,Mary,Smith,377.96
2962,Amy,Smith,374.96
119,Mary,Rosario,369.98
6404,Dylan,Smith,369.97
10583,Ryan,Gay,369.97
7966,John,Smith,369.95
9810,Kenneth,Mays,369.95
9068,Mary,Smith,369.92
6552,Brenda,Smith,369.86
5084,Edward,Smith,363.96
5396,Cheryl,Smith,359.98
282,Zachary,Pugh,359.97
1735,Mary,Gill,359.97
5862,David,Cantu,359.97
3883,Marie,Gomez,359.96
9414,Gloria,Smith,359.95
5187,Mary,Smith,359.94
7314,Bruce,Mccullough,359.94
3097,Douglas,Hanna,359.93
11475,Mary,Garner,359.93
2837,Michael,Wilson,354.94
8,Megan,Smith,353.93
6955,Amber,Smith,350.0
8845,Robert,Deleon,350.0
9127,Mary,Nolan,350.0
1644,Kimberly,Smith,349.99
4713,Jack,Smith,349.99
7509,Mary,Case,349.99
8995,Mary,Smith,349.99
11952,Mary,Smith,349.99
2799,Mary,Smith,349.98
4009,Mary,Ayers,349.98
12219,Beverly,Nguyen,349.98
5016,James,Rangel,349.96
6181,David,Lucas,349.95
7863,Elizabeth,Hodges,349.95
174,Mary,Perez,349.93
3820,Jessica,Carter,349.93
5552,Mary,Smith,349.92
9827,Amy,Good,349.89
11184,Jennifer,Kelly,349.86
517,John,Russell,345.94
4151,Mary,Smith,344.95
2113,David,Smith,344.92
12382,Jennifer,Smith,344.89
6699,Mary,Smith,344.87
4658,Sarah,Gallegos,339.98
1762,Nicholas,Smith,339.96
6102,Henry,Hamilton,339.96
7727,Evelyn,Smith,339.96
1341,Joseph,Brown,339.95
11819,Jerry,Vincent,339.92
965,Sean,Smith,339.89
10469,Melissa,Jackson,337.9
8405,Stephen,Cummings,334.94
1775,Sharon,Hernandez,329.99
3774,Mary,Smith,329.98
5388,David,Ashley,329.98
5660,Mary,Maldonado,329.98
5983,Mary,Anderson,329.98
6104,Roger,Cordova,329.98
6602,Robert,Smith,329.98
7068,Gloria,Freeman,329.98
7747,Mary,Haynes,329.98
8080,Matthew,Smith,329.98
9463,Mary,Key,329.98
10075,Tammy,Smith,329.98
11059,Mary,Daniels,329.98
12027,Mary,Stevens,329.98
12033,Aaron,Villa,329.98
266,Mary,Knapp,329.97
5090,Margaret,Brandt,329.97
3288,Stephanie,Smith,329.92
4297,Mary,Torres,327.94
7800,Mary,Sandoval,327.92
1618,Mary,Davidson,324.98
6786,Robert,Smith,324.98
10172,Mary,Pugh,324.97
3054,Gregory,Pope,324.95
4352,Henry,Smith,324.95
6271,Mary,Gutierrez,324.83
10504,Mary,Hill,321.95
2877,Mary,Ramirez,319.97
3037,Christopher,Smith,319.97
5962,Jordan,Smith,319.97
5986,Matthew,Rowe,319.97
9680,Robert,Smith,319.97
10301,Jeremy,Smith,319.97
2657,Brian,Roberson,319.96
4357,Mary,Smith,319.93
7952,Jose,Smith,319.9
5332,Mary,Smith,319.89
1818,Mary,Fuentes,315.97
452,Carl,Smith,309.99
2280,Mary,Smith,309.99
7481,Lori,Lawson,309.99
11594,Mary,Smith,309.98
8943,Brian,Yates,309.97
1521,Christopher,Smith,309.96
7205,Maria,Jordan,309.96
8913,Jane,Smith,309.96
9116,Mary,Smith,309.96
10098,Angela,Delacruz,309.92
6367,Daniel,Smith,309.87
1020,Mary,Vargas,303.96
2255,Cheryl,Kline,300.0
6876,Helen,Smith,300.0
7461,Mary,Wood,300.0
9825,Sandra,Johnson,300.0
12153,James,Thomas,300.0
1518,Jessica,Smith,299.99
6373,Mary,Walker,299.99
8548,Mary,Smith,299.99
12118,Mary,Zimmerman,299.99
105,Mary,Smith,299.98
338,Ryan,Smith,299.98
433,Mary,Smith,299.98
434,Michael,Torres,299.98
1128,Mary,Chung,299.98
1860,Christopher,Osborn,299.98
2175,Mary,Smith,299.98
2403,Christopher,Hall,299.98
3147,Daniel,Diaz,299.98
3760,Christine,Burns,299.98
3763,Mary,Martinez,299.98
3911,Margaret,Melton,299.98
4177,Linda,Smith,299.98
4408,Anna,Smith,299.98
5401,Amber,Smith,299.98
5582,Gloria,Larson,299.98
5743,Mary,Ball,299.98
6253,Mary,Peterson,299.98
6393,Mary,Smith,299.98
6561,Jane,Day,299.98
6633,Roger,Gonzales,299.98
6735,Barbara,Martin,299.98
6940,Mary,Smith,299.98
6958,Michael,Pham,299.98
7217,Carl,Smith,299.98
7668,Mary,Smith,299.98
7862,Mary,Smith,299.98
8345,Betty,Perez,299.98
8566,Stephen,Lee,299.98
9174,Tyler,Smith,299.98
9319,David,Smith,299.98
11016,George,Hutchinson,299.98
11061,Joseph,Webster,299.98
11478,Pamela,Smith,299.98
2745,Mary,Escobar,299.97
4632,Brandon,Baldwin,299.97
6277,Eugene,Smith,299.97
6568,Mary,Wilson,299.97
8755,Catherine,Lutz,299.97
10582,Mary,Ryan,299.97
537,Mary,Cochran,299.95
2569,Mary,Duncan,299.95
5739,Mary,Palmer,299.95
7620,Marie,Bautista,299.95
8428,Walter,Smith,299.95
9325,Mary,Navarro,299.95
9736,Mary,Hamilton,299.95
11545,Mary,Armstrong,299.95
6553,Larry,House,299.94
9974,Olivia,Smith,299.94
10137,Mary,Smith,299.92
5670,Rachel,Bailey,299.91
11973,Mary,Alvarez,289.99
335,Mary,Smith,289.98
9801,James,Smith,289.95
10340,Nicholas,Stevens,289.95
10661,Mary,Cunningham,289.94
3341,Carol,Smith,279.99
8204,Diana,Smith,279.99
254,Diana,Hale,279.97
419,James,Smith,279.97
1614,Christine,Haley,279.97
5322,Christine,Smith,279.96
9201,Christian,Smith,279.96
10573,Roger,Jackson,279.96
2222,Paul,Cook,279.95
955,Mary,Marks,279.94
10163,Theresa,Smith,279.94
1867,Cheryl,Smith,279.93
5009,Aaron,Smith,279.93
6203,Jacqueline,Oconnor,279.93
11101,Dylan,Smith,279.93
11417,Kenneth,Whitney,279.93
8444,Katherine,Rogers,274.95
9858,Mary,Smith,274.93
3257,Julia,Mcconnell,269.92
511,Doris,Smith,265.99
8212,Mary,Smith,259.99
264,Mary,Smith,259.98
455,Jeffrey,Smith,259.98
2065,Wayne,Smith,259.98
3585,Kimberly,Mullins,259.98
3803,Mary,Salazar,259.98
4142,Matthew,Roth,259.98
4296,Edward,Sanchez,259.98
6444,John,Smith,259.98
6617,Mary,Barnes,259.98
6855,Louis,Callahan,259.98
12324,Ruth,Townsend,259.98
3987,Alice,Allen,259.96
5232,Zachary,Gonzales,259.93
5424,Mary,Howard,259.91
10454,Anthony,Leblanc,251.96
1259,John,Smith,250.0
1448,Mary,Murray,250.0
1946,Diane,Smith,250.0
2910,Timothy,Curtis,250.0
3932,Evelyn,Smith,250.0
5039,Christopher,Perez,250.0
5382,Mary,Smith,250.0
7619,Mary,Smith,250.0
7997,Kimberly,Jefferson,250.0
8095,Dennis,Smith,250.0
9462,Judy,Smith,250.0
9741,Judith,King,250.0
9771,Mary,Alexander,250.0
10860,Mary,Johnson,250.0
3458,Henry,Smith,249.99
9125,Mary,Smith,249.99
9859,Ronald,Johnson,249.99
8742,Mary,Kim,249.98
10521,Mary,Wood,249.98
11153,Brian,Green,249.98
12035,William,Mcdaniel,249.98
3053,Jennifer,Harvey,249.97
9349,Mary,Martinez,249.97
12389,Kimberly,King,249.97
1675,Mary,Moore,249.96
10152,Walter,Hughes,249.92
3930,Mary,Smith,249.9
5294,Nicholas,Smith,249.9
6116,Kimberly,Tanner,249.9
7910,Mary,Camacho,249.9
9327,Donna,Smith,249.9
3060,Mary,Smith,244.96
2525,Nancy,Smith,241.95
4642,Mary,Nunez,239.97
5783,Daniel,Smith,239.97
1854,Lauren,Mcguire,239.96
2203,Evelyn,Davenport,239.96
2244,Mary,Smith,239.96
3022,Jose,Smith,239.96
5954,Amy,Smith,239.96
5968,Deborah,Smith,239.96
8193,Mary,Smith,239.96
8362,Ann,Burnett,239.96
9901,Mary,Smith,239.96
12342,Mary,Velez,239.96
12410,Bryan,Smith,239.96
2572,Mary,Smith,239.94
8184,Mary,Smith,237.98
5760,Larry,Beltran,234.99
1952,Ashley,Smith,229.99
1683,Christopher,Sloan,229.98
2658,Sara,Cisneros,229.98
5473,Randy,Smith,229.98
6123,Mary,Anderson,229.98
7818,Matthew,Ellis,229.98
11293,Shirley,Smith,229.98
917,Andrew,Glenn,229.97
3180,Raymond,Smith,229.97
7556,Samantha,Davis,229.96
456,Douglas,Turner,229.95
1453,Deborah,Bauer,229.95
4874,Mary,Taylor,229.95
4917,Lauren,Campbell,229.95
9220,Anthony,Marshall,229.95
2586,Mary,Little,229.93
11669,Mary,Murray,225.97
11392,Mary,Smith,225.96
12019,Mary,Walters,224.91
4747,Janice,Thomas,219.98
4114,Mary,Schultz,219.96
5458,Harold,Smith,219.95
3207,Stephen,Smith,219.94
8251,Mary,Ross,217.99
6248,Ronald,Hanson,211.96
3837,Mary,Smith,209.97
4346,James,Smith,209.97
9331,Donna,Smith,209.96
6783,Mary,Smith,209.94
1498,Peter,Bray,200.0
1744,Anna,Bowers,200.0
2211,Debra,Harvey,200.0
2361,Mary,Richards,200.0
5148,Grace,Smith,200.0
5514,Linda,Collins,200.0
7230,David,Saunders,200.0
7607,Scott,Smith,200.0
8348,Mary,Maddox,200.0
491,Debra,Smith,199.99
626,Mary,Weeks,199.99
756,Robert,Smith,199.99
963,Eugene,Smith,199.99
1140,Amber,Nguyen,199.99
1328,Denise,Smith,199.99
1339,Melissa,Mack,199.99
1524,Nathan,Walker,199.99
1636,Julie,Petersen,199.99
2558,George,Smith,199.99
3641,Thomas,Smith,199.99
3719,Mary,Ortiz,199.99
3830,William,Smith,199.99
3838,Joseph,Jackson,199.99
4126,John,Stokes,199.99
4306,Janice,Griffin,199.99
4702,Mary,Smith,199.99
5065,Donald,Smith,199.99
5449,Mary,Smith,199.99
6907,Timothy,Smith,199.99
7188,Mary,Whitaker,199.99
8324,Michael,Wilkerson,199.99
8342,Betty,Smith,199.99
8346,Mary,Wright,199.99
8509,Mary,Hicks,199.99
8763,Pamela,Williams,199.99
9574,Mary,Smith,199.99
9852,William,Harris,199.99
10011,Mary,Gonzales,199.99
10181,Mary,Smith,199.99
10305,Catherine,Hudson,199.99
10594,Pamela,Escobar,199.99
11438,Mary,Pugh,199.99
12316,Kathy,Garcia,199.99
1606,Brandon,Smith,199.98
2067,Donald,Mcbride,199.98
6703,Mary,Smith,199.98
7245,Mary,Peters,199.98
7297,Philip,Smith,199.98
7811,Mary,White,199.98
9373,Mary,Smith,199.98
12415,Joyce,Smith,199.98
8500,Mary,Reeves,199.96
10653,Mary,Smith,199.96
3786,Mary,Moody,199.95
4031,Mary,Wall,199.95
5268,Stephen,Blair,199.95
256,David,Rodriguez,199.92
1779,Sarah,Smith,199.92
2061,Mary,Russell,199.92
3167,Janice,Ward,199.92
3269,Margaret,Wade,199.92
3570,Mary,Nelson,199.92
4625,Mary,Smith,199.92
6788,Mary,Allen,199.92
6813,Jeffrey,Coleman,199.92
7439,Mary,Flores,199.92
8853,Richard,Ali,199.92
8996,Maria,Mcfarland,199.92
9663,Mary,Williams,199.92
10455,Kenneth,Oconnell,199.92
10467,Janet,Sandoval,199.92
10474,Benjamin,Case,199.92
10856,Mary,Nixon,199.92
11670,Jerry,Maldonado,199.92
5325,Diana,Smith,195.93
166,Steven,Smith,189.98
11876,Mary,Smith,189.98
10071,Mary,Lawrence,184.98
2638,Mary,Hardy,179.99
3891,Mary,Bowman,179.99
9824,David,Smith,179.99
320,Mary,Brooks,179.97
1174,Douglas,Smith,179.97
2321,Mary,Patel,179.97
4020,Angela,Smith,179.97
6729,Janice,Russell,179.97
7456,Mary,Gallegos,179.97
8091,Emily,Powell,179.97
8868,Mary,Smith,179.97
8932,Mark,Thornton,179.97
9139,Mary,Galvan,179.97
10025,Alexander,Smith,179.97
11784,Mary,Cunningham,179.97
12301,John,Smith,179.97
1331,Mary,Smith,179.94
4947,Mary,Hobbs,179.94
5741,Mary,Spencer,177.94
55,Janet,Farley,175.95
3707,Mary,Smith,174.97
8108,Steven,Barnes,169.98
12411,Mary,Perez,169.98
1254,Mary,Barker,159.99
195,Richard,Smith,155.97
7538,Mary,Baker,155.94
1583,Sean,Smith,153.98
4921,Mary,Smith,153.93
3354,Russell,Flores,150.0
9107,Mark,Nunez,150.0
9298,John,Smith,150.0
9490,Mary,Glass,150.0
10764,Janet,Mccoy,150.0
11174,Teresa,Smith,150.0
3452,Mary,Nelson,149.99
11380,Jane,Smith,149.99
59,Douglas,James,149.94
1147,Judy,Smith,149.94
4388,Richard,Moore,149.94
4498,Mary,Brown,149.94
4891,Richard,Smith,149.94
5476,Lauren,Phillips,149.94
5655,Mary,Bryant,149.94
7661,Linda,Rojas,149.94
7732,Jerry,Smith,149.94
8077,Thomas,Smith,149.94
8155,Mary,Zhang,149.94
10475,Mary,Smith,149.94
10820,Brenda,Smith,149.94
127,Mary,Martin,129.99
154,Emily,May,129.99
457,Mary,Smith,129.99
864,Raymond,Kidd,129.99
876,Andrea,Smith,129.99
1083,Mary,Herman,129.99
1400,Aaron,Davis,129.99
1466,Stephen,Cole,129.99
1680,Mary,Santiago,129.99
1773,Joan,Carr,129.99
1978,Mary,White,129.99
2048,Mary,Wolf,129.99
2109,Mary,Smith,129.99
2129,William,Charles,129.99
2562,Mary,Anderson,129.99
3074,Mary,Smith,129.99
3171,Elizabeth,Moss,129.99
3203,Mary,Bryan,129.99
3210,Richard,Welch,129.99
3294,Michael,Smith,129.99
3950,John,Duffy,129.99
4038,Mary,Smith,129.99
4185,Mary,Hendricks,129.99
4276,Jacqueline,Page,129.99
4905,Mary,Hunter,129.99
5026,Christian,Smith,129.99
5031,Mary,George,129.99
5235,Mary,Smith,129.99
5759,Mary,Brown,129.99
6108,Emma,Smith,129.99
6118,Mary,Smith,129.99
7707,Anna,Smith,129.99
7931,Mary,Mcdaniel,129.99
8159,Rebecca,Smith,129.99
9015,Alice,Carroll,129.99
9106,Mary,Perez,129.99
9299,Robert,Chambers,129.99
9461,Mary,Hoover,129.99
9535,Jesse,Peterson,129.99
9872,Mary,Aguilar,129.99
9986,Rose,Smith,129.99
10034,Elizabeth,Smith,129.99
10293,Aaron,Jordan,129.99
10379,Robert,Burnett,129.99
10718,Mary,Lambert,129.99
11225,Michael,Marshall,129.99
11289,Mary,Wang,129.99
11347,Ruth,Jones,129.99
11486,Mary,Smith,129.99
12271,Mary,Small,129.99
3052,Mary,Morales,129.98
8751,Amy,Cook,124.99
279,Anna,Smith,124.97
5600,Helen,Smith,124.95
43,Mary,Herring,119.98
442,Mary,Smith,119.98
465,Shawn,Smith,119.98
3283,Charles,Ramos,119.98
7312,Mary,Armstrong,119.98
7348,Mary,Smith,119.98
7563,Elizabeth,Moody,119.98
8828,Mary,Baxter,119.98
10961,Mary,Smith,119.98
12373,Mary,Herman,119.98
2872,Mary,Ortiz,119.97
3236,Mary,Smith,119.97
3625,Mary,Smith,119.97
3994,Susan,Smith,119.97
10045,Sean,Bradley,119.95
8871,Janice,Smith,113.98
10154,Madison,Diaz,110.0
11079,Russell,Smith,109.97
1715,Mary,Henson,109.94
1207,Mary,Smith,103.95
1340,Mary,Smith,100.0
1566,Mary,Simon,100.0
4240,Kenneth,Collins,100.0
6742,David,Richardson,100.0
9224,Mary,Cannon,100.0
11692,Mary,Weber,100.0
4003,Joseph,Harper,99.99
6289,Madison,Gould,99.99
6302,Christina,Tapia,99.99
8412,Tiffany,Wagner,99.99
10023,Victoria,Knight,99.99
10798,Grace,Moore,99.99
11020,Laura,Smith,99.99
512,Mary,Harris,99.96
2124,Matthew,Montgomery,99.96
3914,Mary,Acosta,99.96
5190,Mary,Smith,99.96
5383,Mary,Frye,99.96
5903,Virginia,Smith,99.96
6731,Carol,Smith,99.96
6999,Mary,Pitts,99.96
7578,Keith,Kirby,99.96
11642,James,Smith,99.96
6750,Alan,Smith,95.98
8390,Mary,Ritter,95.97
5320,Mary,Garza,90.0
9537,Jason,Smith,90.0
4952,Elizabeth,Smith,89.99
222,Frank,Ruiz,89.97
3038,Mary,Schmidt,79.98
3277,Jennifer,Smith,79.98
9485,Philip,Grimes,79.98
11273,Mary,Ward,79.98
11883,Steven,Miller,79.98
8374,Mary,Myers,69.98
28,Timothy,Smith,59.99
51,Jessica,Smith,59.99
489,William,Smith,59.99
1472,Mary,Smith,59.99
1525,Ralph,Washington,59.99
1795,Joe,Ramirez,59.99
3656,Willie,Smith,59.99
6176,William,Garza,59.99
6476,Julie,Smith,59.99
6506,Anna,Bailey,59.99
7990,Jason,Cummings,59.99
8176,Charles,Hernandez,59.99
8720,Mary,Alvarado,59.99
10891,Mary,Smith,59.99
11183,Mary,Smith,59.99
11241,Mary,Smith,59.99
12197,Daniel,Williams,59.99
7956,Patricia,Maynard,59.97
450,Kathryn,Carter,50.0
1581,Mary,Smith,50.0
2035,Mary,Salas,50.0
4040,Harold,Hart,50.0
4870,Pamela,Walker,50.0
5611,Michael,Williamson,50.0
7799,Susan,Olson,50.0
8269,Mary,Smith,50.0
8700,Mary,Smith,50.0
9288,Mary,Mason,50.0
9358,Mary,Smith,50.0
9868,Mark,Cohen,50.0
10129,Mary,Kidd,50.0
11481,Walter,Pacheco,50.0
11528,Kathleen,Garcia,50.0
1757,Mary,Smith,49.98
8550,Mary,Smith,49.98
8743,Douglas,Smith,49.98
11935,Madison,Murillo,49.98
8503,Amy,Smith,46.97
7452,Mary,Goodman,44.97
4255,Brittany,Smith,39.99
5485,Kathy,Bishop,39.99
9930,Nathan,Smith,39.99
6188,Kevin,Davies,30.0
738,Mary,Wood,24.99
212,Roger,Johnson,19.99
2359,Emily,Hubbard,19.98
3554,Michael,Smith,14.99
10637,Matthew,Smith,14.99
